prod_name,total_space_m3,mean_space_m3
Smartphone,251.11849,0.09921710391149743
Headphones,248.69911900000002,0.09818362376628505
Laptop,241.82596,0.09802430482367248
Monitor,236.597665,0.09582732482786555
