prod_name,total_qty,mean_qty
Smartphone,129451,51.14618727775583
Headphones,126506,49.943150414528226
Monitor,125668,50.898339408667475
Laptop,124846,50.606404539927034
